walmart.com , mxa-000c7201.gslb.pphosted.com. , 10
walmart.com , mxb-000c7201.gslb.pphosted.com. , 10
exxonmobil.com , mail22d.exxonmobil.com. , 10
exxonmobil.com , mail21h.exxonmobil.com. , 10
exxonmobil.com , mail24d.exxonmobil.com. , 10
exxonmobil.com , mail24h.exxonmobil.com. , 10
exxonmobil.com , mail23d.exxonmobil.com. , 10
exxonmobil.com , mail23h.exxonmobil.com. , 10
exxonmobil.com , mail21d.exxonmobil.com. , 10
exxonmobil.com , mail22h.exxonmobil.com. , 10
apple.com , nwk-aaemail-lapp03.apple.com. , 10
apple.com , nwk-aaemail-lapp02.apple.com. , 10
apple.com , nwk-aaemail-lapp01.apple.com. , 10
apple.com , ma1-aaemail-dr-lapp03.apple.com. , 10
apple.com , ma1-aaemail-dr-lapp02.apple.com. , 10
apple.com , ma1-aaemail-dr-lapp01.apple.com. , 10
berkshirehathaway.com , brka.com.snwlhosted.com. , 5
mckesson.com , mail1.mckesson.com. , 10
mckesson.com , mail5.mckesson.com. , 10
mckesson.com , mail6.mckesson.com. , 10
mckesson.com , mail2.mckesson.com. , 10
mckesson.com , mail4.mckesson.com. , 10
mckesson.com , mail3.mckesson.com. , 10
unitedhealthgroup.com , mail2.corpmailsvcs.com. , 10
unitedhealthgroup.com , mail11.corpmailsvcs.com. , 10
unitedhealthgroup.com , mail21.corpmailsvcs.com. , 10
unitedhealthgroup.com , mail20.corpmailsvcs.com. , 10
unitedhealthgroup.com , mail10.corpmailsvcs.com. , 10
unitedhealthgroup.com , mail1.corpmailsvcs.com. , 10
cvshealth.com , mxb-0022b201.gslb.pphosted.com. , 10
cvshealth.com , mxa-0022b201.gslb.pphosted.com. , 10
gm.com , mx1.imr.gm.com. , 10
gm.com , mx2.imr.gm.com. , 10
ford.com , cluster4a.us.messagelabs.com. , 20
ford.com , cluster4.us.messagelabs.com. , 10
att.com , mx0b-00191d01.pphosted.com. , 10
att.com , mx0a-00191d01.pphosted.com. , 10
ge.com , mx0b-00176a02.pphosted.com. , 20
ge.com , mx0a-00176a02.pphosted.com. , 20
ge.com , mxa-00176a02.gslb.pphosted.com. , 10
ge.com , mxb-00176a02.gslb.pphosted.com. , 10
amerisourcebergen.com , mx2.amerisourcebergen.iphmx.com. , 10
amerisourcebergen.com , mx1.amerisourcebergen.iphmx.com. , 10
verizon.com , mxb-0024a201.gslb.pphosted.com. , 15
verizon.com , mxa-0024a201.gslb.pphosted.com. , 15
chevron.com , hou150mix1.chevron.com. , 100
chevron.com , mix.chevron.com. , 10
chevron.com , hou150mix3.chevron.com. , 100
chevron.com , san520mixh.chevron.com. , 1000
chevron.com , san520mix2.chevron.com. , 100
chevron.com , san520mix1.chevron.com. , 100
costco.com , mx0b-001f9d01.pphosted.com. , 10
costco.com , mx0a-001f9d01.pphosted.com. , 50
fanniemae.com , cluster5a.us.messagelabs.com. , 20
fanniemae.com , cluster5.us.messagelabs.com. , 10
("I couldn't find", 'thekrogerco.com')
kroger.com , mail2.dmz.kroger.com. , 10
amazon.com , amazon-smtp.amazon.com. , 5
walgreensbootsalliance.com , custmx.cscdns.net. , 10
walgreens.com , edge.walgreens.com. , 10
boots.com , mx1.wba.c3s2.iphmx.com. , 1
boots.com , mx2.wba.c3s2.iphmx.com. , 1
hp.com , smtp.hp.com. , 10
cardinal.com , smtp2.cardinal.com. , 20
cardinal.com , smtp7.cardinal.com. , 20
cardinal.com , smtp3.cardinal.com. , 60
cardinal.com , smtp.cardhealth.com. , 60
cardinal.com , smtp4.cardinal.com. , 20
express-scripts.com , ch3imail03.express-scripts.com. , 10
express-scripts.com , ch3imail02.express-scripts.com. , 10
express-scripts.com , ps2imail03.express-scripts.com. , 10
express-scripts.com , ps2imail02.express-scripts.com. , 10
express-scripts.com , ps2imail01.express-scripts.com. , 10
express-scripts.com , ps2imail04.express-scripts.com. , 10
express-scripts.com , ch3imail04.express-scripts.com. , 10
express-scripts.com , ch3imail01.express-scripts.com. , 10
("I couldn't find", 'jpmorganchase.com')
boeing.com , phx-mbsin-04.mbs.boeing.net. , 10
boeing.com , phx-mbsin-03.mbs.boeing.net. , 10
boeing.com , phx-mbsin-02.mbs.boeing.net. , 10
boeing.com , phx-mbsin-01.mbs.boeing.net. , 10
boeing.com , stl-mbsin-04.boeing.com. , 10
boeing.com , stl-mbsin-03.boeing.com. , 10
boeing.com , stl-mbsin-02.boeing.com. , 10
boeing.com , stl-mbsin-01.boeing.com. , 10
boeing.com , ewa-mbsin-02.mbs.boeing.net. , 10
boeing.com , ewa-mbsin-04.mbs.boeing.net. , 10
boeing.com , ewa-mbsin-03.mbs.boeing.net. , 10
boeing.com , ewa-mbsin-01.mbs.boeing.net. , 10
microsoft.com , microsoft-com.mail.protection.outlook.com. , 10
bankofamerica.com , mxb-0000ec05.gslb.pphosted.com. , 10
bankofamerica.com , mxa-0000ec05.gslb.pphosted.com. , 10
wellsfargo.com , cluster15.us.messagelabs.com. , 10
wellsfargo.com , cluster15a.us.messagelabs.com. , 20
homedepot.com , mxb-000e6601.gslb.pphosted.com. , 10
homedepot.com , mxa-000e6601.gslb.pphosted.com. , 10
citigroup.com , mx-a.mail.citi.com. , 5
citigroup.com , mx-b.mail.citi.com. , 5
("I couldn't find", 'phillips66.com')
ibm.com , mx0a-001b2d01.pphosted.com. , 5
ibm.com , mx0b-001b2d01.pphosted.com. , 5
valero.com , cluster9.us.messagelabs.com. , 10
valero.com , cluster9a.us.messagelabs.com. , 20
("I couldn't find", 'antheminc.com')
pg.com , cluster8a.us.messagelabs.com. , 20
pg.com , cluster8.us.messagelabs.com. , 10
statefarm.com , mail5.statefarm.com. , 5
statefarm.com , mail4.statefarm.com. , 5
statefarm.com , mail3.statefarm.com. , 5
google.com , aspmx.l.google.com. , 10
google.com , alt2.aspmx.l.google.com. , 30
google.com , alt3.aspmx.l.google.com. , 40
google.com , alt1.aspmx.l.google.com. , 20
google.com , alt4.aspmx.l.google.com. , 50
("I couldn't find", 'comcastcorporation.com')
comcast.com , mx30.comcast.com. , 5
comcast.com , mx40.comcast.com. , 5
comcast.com , mx60.comcast.com. , 5
comcast.com , mx50.comcast.com. , 5
comcast.com , mx10.comcast.com. , 5
comcast.com , mx20.comcast.com. , 5
target.com , smtp01.target.com. , 5
target.com , smtp02.target.com. , 5
jnj.com , mx2.jnj.iphmx.com. , 5
jnj.com , mx1.jnj.iphmx.com. , 5
metlife.com , ms1.metlifecommercial.com. , 100
metlife.com , ms29.metlife.com. , 10
metlife.com , ms34.metlife.com. , 10
metlife.com , ms33.metlife.com. , 10
metlife.com , ms32.metlife.com. , 10
metlife.com , ms31.metlife.com. , 10
metlife.com , ms30.metlife.com. , 10
metlife.com , ms2.metlifecommercial.com. , 100
adm.com , adm-com.mail.protection.outlook.com. , 1
marathonpetroleum.com , marathonpetroleum-com.mail.protection.outlook.com. , 5
freddiemac.com , he2xmail002.freddiemac.com. , 10
freddiemac.com , re2xmail001.freddiemac.com. , 10
freddiemac.com , re2xmail002.freddiemac.com. , 10
freddiemac.com , he2xmail001.freddiemac.com. , 10
pepsico.com , mail.pepsico.com. , 100
pepsico.com , mail.pepsico.com. , 10
utc.com , mxb-00105401.gslb.pphosted.com. , 10
utc.com , mxa-00105401.gslb.pphosted.com. , 10
aetna.com , inboundemail.aei.aetna.com. , 10
lowes.com , mail8.lowes.com. , 10
lowes.com , mail5.lowes.com. , 10
lowes.com , mail7.lowes.com. , 10
lowes.com , mail6.lowes.com. , 10
lowes.com , mail3.lowes.com. , 10
lowes.com , mail4.lowes.com. , 10
ups.com , email-vip.ups.com. , 10
ups.com , email2-vip.ups.com. , 10
aig.com , am1mxi03.aig.com. , 5
aig.com , am1mxi02.aig.com. , 5
aig.com , am2mxi02.aig.com. , 5
aig.com , am1mxi01.aig.com. , 5
aig.com , am2mxi04.aig.com. , 5
aig.com , am2mxi01.aig.com. , 5
aig.com , am2mxi03.aig.com. , 5
aig.com , am1mxi04.aig.com. , 5
aig.com , am1mxi05.aig.com. , 5
aig.com , am2mxi05.aig.com. , 5
prudential.com , mailgate2.prudential.com. , 10
prudential.com , mailgate.prudential.com. , 90
prudential.com , mailgate6.prudential.com. , 10
prudential.com , pa-mailgate.prudential.com. , 10
intel.com , mga11.intel.com. , 1000
intel.com , mga14.intel.com. , 1000
intel.com , mga02.intel.com. , 1000
intel.com , mga05.intel.com. , 1000
intel.com , mga06.intel.com. , 1000
intel.com , mga07.intel.com. , 1000
intel.com , mga18.intel.com. , 1000
intel.com , mga17.intel.com. , 1000
intel.com , mga12.intel.com. , 1000
intel.com , mga04.intel.com. , 1000
intel.com , mga03.intel.com. , 1000
intel.com , mga09.intel.com. , 1000
intel.com , mga01.intel.com. , 1000
humana.com , cluster5a.us.messagelabs.com. , 20
humana.com , cluster5.us.messagelabs.com. , 10
disney.com , cluster6a.us.messagelabs.com. , 20
disney.com , cluster6.us.messagelabs.com. , 5
cisco.com , alln-mx-01.cisco.com. , 10
cisco.com , rcdn-mx-01.cisco.com. , 20
cisco.com , aer-mx-01.cisco.com. , 30
pfizer.com , mxb-00013f02.gslb.pphosted.com. , 10
pfizer.com , mx0b-00013f02.pphosted.com. , 20
pfizer.com , mxa-00013f02.gslb.pphosted.com. , 10
pfizer.com , mx0a-00013f02.pphosted.com. , 20
dow.com , dow-com.mail.protection.outlook.com. , 10
sysco.com , mxa-00133a01.gslb.pphosted.com. , 10
sysco.com , mxb-00133a01.gslb.pphosted.com. , 10
fedex.com , mapper.gslb.fedex.com. , 100
fedex.com , smtp.dmz.fedex.com. , 200
("I couldn't find", 'caterpillar.com')
lockheedmartin.com , mailfi03.lmco.com. , 10
lockheedmartin.com , mailfi02.lmco.com. , 10
lockheedmartin.com , mailfi01.lmco.com. , 10
lockheedmartin.com , mailfi06.lmco.com. , 10
lockheedmartin.com , mailfi05.lmco.com. , 10
lockheedmartin.com , mailfi04.lmco.com. , 10
newyorklife.com , smtp.sd.newyorklife.com. , 10
coca-colacompany.com , ns1.ko.com. , 10
coca-cola.com , cocacola-com01b.mail.protection.outlook.com. , 10
hcahealthcare.com , smtpb.mail.medcity.net. , 10
hcahealthcare.com , smtpa.mail.medcity.net. , 10
ingrammicro.com , mx0b-0021cb01.pphosted.com. , 10
ingrammicro.com , mx0a-0021cb01.pphosted.com. , 10
energytransfer.com , esa2.energytransfer.iphmx.com. , 40
energytransfer.com , esa3.energytransfer.iphmx.com. , 40
energytransfer.com , esa4.energytransfer.iphmx.com. , 50
energytransfer.com , esa1.energytransfer.iphmx.com. , 50
("I couldn't find", 'tysonfoods.com')
aa.com , aa-com.mail.protection.outlook.com. , 10
delta.com , mx2.delta.iphmx.com. , 10
delta.com , mx1.delta.iphmx.com. , 10
nationwide.com , hogan.nationwide.com. , 10
nationwide.com , raza.nationwide.com. , 10
nationwide.com , yinsen.nationwide.com. , 10
nationwide.com , namor.nationwide.com. , 10
nationwide.com , blackagar.nationwide.com. , 10
nationwide.com , rumiko.nationwide.com. , 10
nationwide.com , pepper.nationwide.com. , 10
nationwide.com , obadiah.nationwide.com. , 10
("I couldn't find", 'johnsoncontrols.com')
bestbuy.com , mxb-002a6b01.gslb.pphosted.com. , 10
bestbuy.com , mxa-002a6b01.gslb.pphosted.com. , 10
merck.com , bugs.merck.com. , 0
merck.com , wily.merck.com. , 0
merck.com , taz.merck.com. , 0
merck.com , marvin.merck.com. , 0
merck.com , martian.merck.com. , 10
merck.com , daffy.merck.com. , 10
merck.com , molly.merck.com. , 10
merck.com , hubie.merck.com. , 10
merck.com , pluto.merck.com. , 0
merck.com , barvie.merck.com. , 0
libertymutual.com , mx1.lmig.com. , 10
libertymutual.com , mx6.lmig.com. , 10
libertymutual.com , mx5.lmig.com. , 10
libertymutual.com , mx4.lmig.com. , 10
libertymutual.com , mx3.lmig.com. , 10
libertymutual.com , mx2.lmig.com. , 10
gs.com , mxa-0014b501.gslb.pphosted.com. , 10
gs.com , mxb-0014b501.gslb.pphosted.com. , 10
honeywell.com , honeywell-com.mail.protection.outlook.com. , 15
massmutual.com , mxa-00108d02.gslb.pphosted.com. , 5
massmutual.com , mxb-00108d02.gslb.pphosted.com. , 5
oracle.com , userp2030.oracle.com. , 20
oracle.com , userp2040.oracle.com. , 20
oracle.com , aserp2040.oracle.com. , 20
oracle.com , userp2020.oracle.com. , 20
oracle.com , aserp2020.oracle.com. , 20
oracle.com , aserp2030.oracle.com. , 20
oracle.com , userp2050.oracle.com. , 20
oracle.com , aserp2050.oracle.com. , 20
morganstanley.com , mx1.morganstanley.com. , 0
morganstanley.com , mx2.morganstanley.com. , 0
cigna.com , mxb-000e5c01.gslb.pphosted.com. , 10
cigna.com , mxa-000e5c01.gslb.pphosted.com. , 10
("I couldn't find", 'unitedcontinentalholdings.com')
united.com , gwusa.ual.com. , 10
allstate.com , vap0131.allstate.com. , 10
allstate.com , vap0121.allstate.com. , 10
allstate.com , vap0120.allstate.com. , 10
allstate.com , vap0119.allstate.com. , 10
allstate.com , vap0129.allstate.com. , 10
allstate.com , vap0130.allstate.com. , 10
allstate.com , vap0118.allstate.com. , 10
allstate.com , vap0132.allstate.com. , 10
tiaa.org , nc89acb01isea01.tiaa-cref.org. , 10
tiaa.org , cobmc1m4isea01.tiaa-cref.org. , 10
intlfcstone.com , us-smtp-inbound-2.mimecast.com. , 200
intlfcstone.com , us-smtp-inbound-1.mimecast.com. , 100
chsinc.com , mxb-002ae201.gslb.pphosted.com. , 10
chsinc.com , mxa-002ae201.gslb.pphosted.com. , 10
americanexpress.com , wppim001.aexp.com. , 10
gilead.com , gilead-com.mail.protection.outlook.com. , 10
publix.com , mail.publix.com. , 10
publix.com , mail2.publix.com. , 100
generaldynamics.com , mx2.gendyn.com. , 20
generaldynamics.com , mx1.gendyn.com. , 10
tjx.com , cluster6.us.messagelabs.com. , 10
tjx.com , cluster6a.us.messagelabs.com. , 20
conocophillips.com , conocophillips-com.mail.protection.outlook.com. , 10
nike.com , mxb-001b6002.gslb.pphosted.com. , 10
nike.com , mxa-001b6002.gslb.pphosted.com. , 10
wfscorp.com , smtp6.wfscorp.com. , 5
wfscorp.com , smtp4.wfscorp.com. , 5
wfscorp.com , smtp5.wfscorp.com. , 5
3m.com , cust43457-1.in.mailcontrol.com. , 10
3m.com , cust43457-2.in.mailcontrol.com. , 10
mondelezinternational.com , custmx.cscdns.net. , 10
exeloncorp.com , esa-omf-102.exeloncorp.com. , 10
exeloncorp.com , esa-omf-104.exeloncorp.com. , 10
exeloncorp.com , esa-omf-101.exeloncorp.com. , 10
exeloncorp.com , esa-ccc-101.exeloncorp.com. , 10
exeloncorp.com , esa-ccc-103.exeloncorp.com. , 10
exeloncorp.com , esa-omf-103.exeloncorp.com. , 10
exeloncorp.com , esa-ccc-102.exeloncorp.com. , 10
exeloncorp.com , esa-ccc-104.exeloncorp.com. , 10
21cf.com , mxb-001cd501.gslb.pphosted.com. , 10
21cf.com , mxa-001cd501.gslb.pphosted.com. , 10
johndeere.com , mxa-000e4101.gslb.pphosted.com. , 10
johndeere.com , mxb-000e4101.gslb.pphosted.com. , 10
tsocorp.com , tsocorp-com.mail.protection.outlook.com. , 0
timewarner.com , mxa-00241e01.gslb.pphosted.com. , 5
timewarner.com , mxb-00241e01.gslb.pphosted.com. , 5
northwesternmutual.com , mx20.northwesternmutual.com. , 10
northwesternmutual.com , mx30.northwesternmutual.com. , 10
northwesternmutual.com , mx10.northwesternmutual.com. , 10
northwesternmutual.com , mx40.northwesternmutual.com. , 10
dupont.com , mxa-001dcd02.gslb.pphosted.com. , 10
dupont.com , mxb-001dcd02.gslb.pphosted.com. , 10
avnet.com , smarthost.avnet.com. , 10
("I couldn't find", 'macysinc.com')
macys.com , mxb-0009cc01.gslb.pphosted.com. , 10
macys.com , mxa-0009cc01.gslb.pphosted.com. , 10
("I couldn't find", 'enterpriseproducts.com')
travelers.com , emailw.spt.com. , 10
travelers.com , emailv.spt.com. , 10
travelers.com , emailu.spt.com. , 10
travelers.com , emailt.spt.com. , 10
travelers.com , emails.spt.com. , 10
travelers.com , emailp.spt.com. , 10
travelers.com , emailo.spt.com. , 10
travelers.com , emailk.spt.com. , 10
travelers.com , emailj.spt.com. , 10
travelers.com , emaili.spt.com. , 10
pmi.com , pmi-com.mail.protection.outlook.com. , 0
riteaid.com , mxa-00005c01.gslb.pphosted.com. , 10
riteaid.com , mxb-00005c01.gslb.pphosted.com. , 10
techdata.com , mxb-00277801.gslb.pphosted.com. , 10
techdata.com , mxa-00277801.gslb.pphosted.com. , 10
("I couldn't find", 'aboutmcdonalds.com')
mcdonalds.com , sesmail.mcdonalds.com. , 10
qualcomm.com , alexa-in.qualcomm.com. , 10
qualcomm.com , gatewayhorse1.qualcomm.com. , 10
qualcomm.com , gatewayhorse2.qualcomm.com. , 10
qualcomm.com , gatewaypony01.qualcomm.com. , 10
qualcomm.com , gatewaypony02.qualcomm.com. , 10
searsholdings.com , searsholdings.com. , 100
sears.com , sears-com.mail.protection.outlook.com. , 10
capitalone.com , kimail01.capitalone.com. , 10
capitalone.com , kimail05.capitalone.com. , 10
capitalone.com , kimail04.capitalone.com. , 10
capitalone.com , kimail03.capitalone.com. , 10
capitalone.com , kimail02.capitalone.com. , 10
capitalone.com , vimail01.capitalone.com. , 10
capitalone.com , vimail02.capitalone.com. , 10
capitalone.com , vimail03.capitalone.com. , 10
capitalone.com , vimail04.capitalone.com. , 10
capitalone.com , vimail05.capitalone.com. , 10
emc.com , mx2.dellcorporate.iphmx.com. , 10
emc.com , mx1.dellcorporate.iphmx.com. , 10
usaa.com , prodmx3l.usaa.com. , 20
usaa.com , prodmx4l.usaa.com. , 20
usaa.com , prodmx7l.usaa.com. , 20
usaa.com , prodmx8l.usaa.com. , 20
usaa.com , prodmx1l.usaa.com. , 20
usaa.com , prodmx6l.usaa.com. , 20
usaa.com , prodmx5l.usaa.com. , 20
usaa.com , prodmx2l.usaa.com. , 20
duke-energy.com , mx10.duke-energy.com. , 10
duke-energy.com , mx30.duke-energy.com. , 10
twc.com , dnvrco-cmedge01.email.rr.com. , 10
twc.com , dnvrco-cmedge02.email.rr.com. , 10
halliburton.com , mx0b-0000bf01.pphosted.com. , 20
halliburton.com , mxb-0000bf01.gslb.pphosted.com. , 10
halliburton.com , mx0a-0000bf01.pphosted.com. , 20
halliburton.com , mxa-0000bf01.gslb.pphosted.com. , 10
("I couldn't find", 'northropgrumman.com')
arrow.com , arrow-com.mail.protection.outlook.com. , 0
raytheon.com , lax-mailin10.raytheon.com. , 10
raytheon.com , bos-mailin20.raytheon.com. , 10
raytheon.com , dfw-mailin10.raytheon.com. , 10
raytheon.com , bos-mailin10.raytheon.com. , 10
raytheon.com , inbound.vetted.raytheon.com. , 5
plainsallamerican.com , p.webcom.ctmail.com. , 10
usfoods.com , usfoods-com.mail.protection.outlook.com. , 0
abbvie.com , cluster1a.us.messagelabs.com. , 20
abbvie.com , cluster1.us.messagelabs.com. , 10
centene.com , esg.centene.com. , 40
chs.net , mail3.chs.net. , 10
chs.net , mail4.chs.net. , 10
chs.net , mail2.chs.net. , 10
chs.net , mail01.chs.net. , 100
chs.net , mail04.chs.net. , 100
chs.net , mail03.chs.net. , 100
chs.net , mail1.chs.net. , 10
chs.net , mail02.chs.net. , 100
alcoa.com , adc-dmzmx403.alcoa.com. , 10
alcoa.com , adc-dmzmx402.alcoa.com. , 10
alcoa.com , tdc-dmzmx601.alcoa.com. , 50
alcoa.com , adc-dmzmx401.alcoa.com. , 10
alcoa.com , adc-dmzmx404.alcoa.com. , 10
alcoa.com , tdc-dmzmx602.alcoa.com. , 50
("I couldn't find", 'internationalpaper.com')
emerson.com , mx1.emerson.iphmx.com. , 4
emerson.com , mx2.emerson.iphmx.com. , 4
up.com , meg-01.omhq.uprr.com. , 10
up.com , meg-01.omdx.uprr.com. , 10
amgen.com , mxb-0018ee01.gslb.pphosted.com. , 3
amgen.com , mxa-0018ee01.gslb.pphosted.com. , 3
usbank.com , mail4.usbank.com. , 10
usbank.com , mail2.usbank.com. , 10
usbank.com , mail3.usbank.com. , 10
usbank.com , mail1.usbank.com. , 10
staples.com , staples-com.mail.protection.outlook.com. , 10
danaher.com , mxa-001d2f01.gslb.pphosted.com. , 10
danaher.com , mxb-001d2f01.gslb.pphosted.com. , 10
whirlpoolcorp.com , ASPMX.L.GOOGLE.com. , 1
whirlpoolcorp.com , ASPMX3.GOOGLEMAIL.com. , 10
whirlpoolcorp.com , ALT1.ASPMX.L.GOOGLE.com. , 5
whirlpoolcorp.com , ASPMX2.GOOGLEMAIL.com. , 10
whirlpoolcorp.com , ALT2.ASPMX.L.GOOGLE.com. , 5
whirlpool.com , ASPMX3.GOOGLEMAIL.com. , 10
whirlpool.com , ALT1.ASPMX.L.GOOGLE.com. , 5
whirlpool.com , ASPMX.L.GOOGLE.com. , 1
whirlpool.com , ALT2.ASPMX.L.GOOGLE.com. , 5
whirlpool.com , ASPMX2.GOOGLEMAIL.com. , 10
aflac.com , mxa-001f5701.gslb.pphosted.com. , 10
aflac.com , mxb-001f5701.gslb.pphosted.com. , 10
autonation.com , autonation-com.mail.protection.outlook.com. , 10
progressive.com , aresap02.progressive.com. , 10
progressive.com , acesap01.progressive.com. , 10
progressive.com , aresap01.progressive.com. , 10
progressive.com , acesap02.progressive.com. , 10
progressive.com , acesap03.progressive.com. , 10
progressive.com , aresap03.progressive.com. , 10
abbott.com , abbott-com.mail.protection.outlook.com. , 10
dollargeneral.com , mxgw1.dollargeneral.com. , 10
dollargeneral.com , mxgw2.dollargeneral.com. , 10
dollargeneral.com , mxgw3.dollargeneral.com. , 30
tenethealth.com , mx0a-00259001.pphosted.com. , 5
tenethealth.com , mx0b-00259001.pphosted.com. , 5
lilly.com , maillldcprde1.xh1.lilly.com. , 30
lilly.com , mail141prde3.xh1.lilly.com. , 30
lilly.com , mail141prde2.xh1.lilly.com. , 30
lilly.com , mail141prde1.xh1.lilly.com. , 30
lilly.com , maillldcprde2.xh1.lilly.com. , 30
lilly.com , maillldcprde3.xh1.lilly.com. , 30
southwest.com , outgoing.wnco.com. , 10
southwest.com , mail02.wnco.com. , 10
penskeautomotive.com , mxb-00005602.gslb.pphosted.com. , 10
penskeautomotive.com , mxa-00005602.gslb.pphosted.com. , 10
penske.com , mxa-001ae501.gslb.pphosted.com. , 10
penske.com , mxb-001ae501.gslb.pphosted.com. , 10
manpowergroup.com , manpowergroupapps.mail.protection.outlook.com. , 10
manpower.com , manpowergroupapps.mail.protection.outlook.com. , 10
kohlscorporation.com , esa4.kohlsinbound.iphmx.com. , 1
kohlscorporation.com , esa3.kohlsinbound.iphmx.com. , 1
kohlscorporation.com , esa2.kohlsinbound.iphmx.com. , 1
kohlscorporation.com , mx.kohls.com. , 10
kohlscorporation.com , esa1.kohlsinbound.iphmx.com. , 1
kohls.com , mx1.kohlsinbound.iphmx.com. , 1
kohls.com , mx2.kohlsinbound.iphmx.com. , 1
starbucks.com , mx1.starbucks.iphmx.com. , 100
starbucks.com , mx2.starbucks.iphmx.com. , 200
paccar.com , paccar-com.mail.protection.outlook.com. , 0
cummins.com , cluster5.us.messagelabs.com. , 10
cummins.com , cluster5a.us.messagelabs.com. , 20
altria.com , altria-com.mail.protection.outlook.com. , 10
xerox.com , mx2.xerox.iphmx.com. , 50
xerox.com , mx1.xerox.iphmx.com. , 50
kimberly-clark.com , kimberlyclark-com02b.mail.protection.outlook.com. , 50
thehartford.com , bldmailin01.thehartford.com. , 5
thehartford.com , hfdmailin01.thehartford.com. , 5
thehartford.com , bldmailin03.thehartford.com. , 5
thehartford.com , hfdmailin02.thehartford.com. , 5
thehartford.com , bldmailin02.thehartford.com. , 5
thehartford.com , hfdmailin04.thehartford.com. , 5
kraftheinzcompany.com , kraftheinzcompany-com.mail.protection.outlook.com. , 0
kraft.com , kraft-com.mail.protection.outlook.com. , 10
heinz.com , heinz-com.mail.protection.outlook.com. , 10
lear.com , lear-com.mail.protection.outlook.com. , 0
fluor.com , rgsiipa003.fluor.com. , 20
fluor.com , rgsiipa004.fluor.com. , 20
fluor.com , avsiipa006.fluor.com. , 10
fluor.com , avsiipa005.fluor.com. , 10
fluor.com , rgsiipa005.fluor.com. , 10
aecom.com , aecom-com.mail.protection.outlook.com. , 50
aecom.com , cluster5.us.messagelabs.com. , 5
aecom.com , cluster5a.us.messagelabs.com. , 10
facebook.com , msgin.vvv.facebook.com. , 10
jabil.com , jabil-com.mail.protection.outlook.com. , 10
centurylink.com , lxomp51w.centurylink.com. , 10
centurylink.com , lxdnp28m.centurylink.com. , 10
supervalu.com , supervaluinc.mail.protection.outlook.com. , 10
generalmills.com , smtp2a.genmills.com. , 10
generalmills.com , smtp1a.genmills.com. , 10
southerncompany.com , mxa-00113601.gslb.pphosted.com. , 10
southerncompany.com , mxb-00113601.gslb.pphosted.com. , 10
nexteraenergy.com , nexteraenergy-com.mail.protection.outlook.com. , 10
thermofisher.com , mxb-002a2102.gslb.pphosted.com. , 10
thermofisher.com , mxa-002a2102.gslb.pphosted.com. , 10
aep.com , gateways1.aep.com. , 10
aep.com , gateways2.aep.com. , 20
pge.com , itemlmtadmz06-out.pge.com. , 5000
pge.com , itemlmtadmz02-out.pge.com. , 5000
pge.com , itemlmtadmz04-out.pge.com. , 5000
pge.com , itemlmtadmz01-out.pge.com. , 5000
pge.com , itemlmtadmz05-out.pge.com. , 5000
pge.com , itemlmtadmz03-out.pge.com. , 5000
nglenergypartners.com , mail1.nglep.com. , 5
nglenergypartners.com , mail2.nglep.com. , 20
bms.com , bms-com.mail.protection.outlook.com. , 10
goodyear.com , goodyear-com.mail.protection.outlook.com. , 0
nucor.com , mxb-0022e501.gslb.pphosted.com. , 20
nucor.com , mxa-0022e501.gslb.pphosted.com. , 10
pnc.com , cluster5.us.messagelabs.com. , 10
pnc.com , cluster5a.us.messagelabs.com. , 20
healthnet.com , mailgate03.healthnet.com. , 10
healthnet.com , mailgate02.healthnet.com. , 10
micron.com , mailhost3.micron.com. , 2
micron.com , mailhost4.micron.com. , 3
colgatepalmolive.com , mx2.zoho.com. , 20
colgatepalmolive.com , mx.zoho.com. , 10
("I couldn't find", 'fcx.com')
conagrafoods.com , mx1.conagrafoods.iphmx.com. , 10
conagrafoods.com , mx2.conagrafoods.iphmx.com. , 10
gapinc.com , gapinc-com.mail.protection.outlook.com. , 10
bakerhughes.com , msgabzasg01.bhi-net.com. , 10
bakerhughes.com , msghouasg01.bhi-net.com. , 10
bakerhughes.com , msghouasg02.bhi-net.com. , 10
bakerhughes.com , msgabzasg02.bhi-net.com. , 20
bnymellon.com , cluster9bny.us.messagelabs.com. , 10
bnymellon.com , cluster9bnya.us.messagelabs.com. , 20
dollartree.com , mxb-00183e01.gslb.pphosted.com. , 1800
wholefoodsmarket.com , smtp2.wholefoods.com. , 10
wholefoodsmarket.com , smtp3.wholefoods.com. , 10
wholefoodsmarket.com , smtp4.wholefoods.com. , 10
wholefoodsmarket.com , smtp1.wholefoods.com. , 10
ppg.com , mxb-00189b02.gslb.pphosted.com. , 10
ppg.com , mxa-00189b02.gslb.pphosted.com. , 10
genpt.com , cluster5a.us.messagelabs.com. , 20
genpt.com , cluster5.us.messagelabs.com. , 10
ielp.com , us-smtp-inbound-1.mimecast.com. , 9
ielp.com , us-smtp-inbound-2.mimecast.com. , 9
pfgc.com , pfgc-com.mail.protection.outlook.com. , 10
omnicomgroup.com , pp-inbound-2.cdscore.com. , 10
omnicomgroup.com , pp-inbound-1.cdscore.com. , 10
dish.com , mailin.dish.com. , 10
firstenergycorp.com , aesa03.firstenergycorp.com. , 10
firstenergycorp.com , aesa04.firstenergycorp.com. , 10
firstenergycorp.com , aesa05.firstenergycorp.com. , 10
firstenergycorp.com , aesa02.firstenergycorp.com. , 10
monsanto.com , cust42593-2-in.mailcontrol.com. , 10
monsanto.com , cust42593-1-in.mailcontrol.com. , 10
aes.com , cluster1.us.messagelabs.com. , 10
aes.com , cluster1a.us.messagelabs.com. , 20
carmax.com , mxb-001ffb01.gslb.pphosted.com. , 100
carmax.com , mxa-001ffb01.gslb.pphosted.com. , 100
nov.com , mxb-001b7901.gslb.pphosted.com. , 0
nov.com , mxa-001b7901.gslb.pphosted.com. , 0
nrgenergy.com , nrg-com.mail.protection.outlook.com. , 5
("I couldn't find", 'westerndigital.com')
marriott.com , emrsmta.messageone.com. , 50
marriott.com , mail.marriott.com. , 10
officedepot.com , officedepot-com.mail.protection.outlook.com. , 0
nordstrom.com , mx2.nordstrom.iphmx.com. , 10
nordstrom.com , mx1.nordstrom.iphmx.com. , 10
kindermorgan.com , mx1.kindermorgan.iphmx.com. , 0
kindermorgan.com , mx2.kindermorgan.iphmx.com. , 10
aramark.com , cluster1a.us.messagelabs.com. , 20
aramark.com , cluster1.us.messagelabs.com. , 10
davita.com , mx1.davita.iphmx.com. , 10
davita.com , mx2.davita.iphmx.com. , 10
molinahealthcare.com , ironport2.molinahealthcare.com. , 15
molinahealthcare.com , ironport1.molinahealthcare.com. , 10
molinahealthcare.com , ironport.molinahealthcare.com. , 10
wellcare.com , mailfilter1.wellcare.com. , 10
wellcare.com , mailfilter2.wellcare.com. , 10
("I couldn't find", 'cbscorporation.com')
cbs.com , mxa-00262c01.gslb.pphosted.com. , 0
cbs.com , mxb-00262c01.gslb.pphosted.com. , 0
visa.com , portal1i.visa.com. , 10
visa.com , portal4i.visa.com. , 10
visa.com , portal2i.visa.com. , 10
visa.com , portal3i.visa.com. , 10
lfg.com , in3pamta03.lfg.com. , 20
lfg.com , nc2pamta03.lfg.com. , 10
lfg.com , in3pacesa01.lfg.com. , 30
lfg.com , nc2pacesa01.lfg.com. , 30
lfg.com , in3pamta01.lfg.com. , 10
lfg.com , nc2pamta04.lfg.com. , 10
lfg.com , in3pamta02.lfg.com. , 10
lfg.com , nc2pamta05.lfg.com. , 20
ecolab.com , mxa-00073f02.gslb.pphosted.com. , 10
ecolab.com , mxb-00073f02.gslb.pphosted.com. , 10
("I couldn't find", 'kelloggcompany.com')
chrobinson.com , mailgw4.chrobinson.com. , 100
chrobinson.com , mailgw3.chrobinson.com. , 100
chrobinson.com , mailgw6.chrobinson.com. , 10
chrobinson.com , mailgw5.chrobinson.com. , 10
chrobinson.com , mailgw2.chrobinson.com. , 10
chrobinson.com , mailgw1.chrobinson.com. , 10
chrobinson.com , mailgw8.chrobinson.com. , 100
chrobinson.com , mailgw7.chrobinson.com. , 100
textron.com , textron-com.mail.protection.outlook.com. , 4
loews.com , mxb-001d4001.gslb.pphosted.com. , 10
loews.com , mxa-001d4001.gslb.pphosted.com. , 10
itw.com , itw-com.mail.protection.outlook.com. , 0
synnex.com , smtp4.synnex.com. , 20
synnex.com , smtp1.synnex.com. , 90
viacom.com , mailw.viacom.com. , 50
viacom.com , mail.viacom.com. , 10
hollyfrontier.com , mx1.hollyfrontier.com. , 5
hollyfrontier.com , mx2.hollyfrontier.com. , 10
landolakesinc.com , landolakesinc-com.mail.protection.outlook.com. , 50
landolakesinc.com , schoollunch.landolakesinc.com. , 10
landolakes.com , landolakes-com.mail.protection.outlook.com. , 10
("I couldn't find", 'devonenergy.com')
pbfenergy.com , cluster5.us.messagelabs.com. , 10
pbfenergy.com , cluster5a.us.messagelabs.com. , 20
yum.com , in.hes.trendmicro.com. , 10
ti.com , cluster5a.us.messagelabs.com. , 20
ti.com , cluster5.us.messagelabs.com. , 10
cdw.com , mxb-00220401.gslb.pphosted.com. , 10
cdw.com , mxa-00220401.gslb.pphosted.com. , 10
wm.com , mail.wm.com. , 20
wm.com , mail2.wm.com. , 10
mmc.com , mx51.marsh.com. , 10
mmc.com , mx50.marsh.com. , 10
mmc.com , mx13.marsh.com. , 10
mmc.com , mx12.marsh.com. , 10
mmc.com , mx11.marsh.com. , 10
mmc.com , mx10.marsh.com. , 10
mmc.com , mx09.marsh.com. , 10
mmc.com , mx08.marsh.com. , 10
mmc.com , mx53.marsh.com. , 10
mmc.com , mx52.marsh.com. , 10
chk.com , mxa-0017eb01.gslb.pphosted.com. , 10
chk.com , mxb-0017eb01.gslb.pphosted.com. , 10
parker.com , mxa-002a1601.gslb.pphosted.com. , 10
parker.com , mxb-002a1601.gslb.pphosted.com. , 10
oxy.com , dal-mx-02.oxy.com. , 100
oxy.com , dal-mx-03.oxy.com. , 100
oxy.com , dal-mx-04.oxy.com. , 100
oxy.com , hou-mx-01.oxy.com. , 100
oxy.com , hou-mx-02.oxy.com. , 100
oxy.com , hou-mx-03.oxy.com. , 100
oxy.com , hou-mx-04.oxy.com. , 100
oxy.com , dal-mx-01.oxy.com. , 100
guardianlife.com , mxa-00220101.gslb.pphosted.com. , 20
guardianlife.com , mxb-00220101.gslb.pphosted.com. , 20
guardianlife.com , mx0a-00220101.pphosted.com. , 10
guardianlife.com , mx0b-00220101.pphosted.com. , 10
farmers.com , mxb-0028ab01.gslb.pphosted.com. , 10
farmers.com , mxa-0028ab01.gslb.pphosted.com. , 10
jcpenney.com , jcpenney-com.mail.protection.outlook.com. , 10
conedison.com , m5.coned.com. , 10
conedison.com , m4.coned.com. , 10
conedison.com , m3.coned.com. , 10
conedison.com , fw.conedison.com. , 10
conedison.com , m1.coned.com. , 10
cognizant.com , cognizant-com.mail.protection.outlook.com. , 1
vfc.com , mxb-00127801.gslb.pphosted.com. , 10
vfc.com , mxa-00127801.gslb.pphosted.com. , 10
("I couldn't find", 'ameriprise.com')
csc.com , cluster4a.us.messagelabs.com. , 20
csc.com , cluster4.us.messagelabs.com. , 10
lb.com , mxa-00204f01.gslb.pphosted.com. , 10
lb.com , mxb-00204f01.gslb.pphosted.com. , 20
jacobs.com , mxb-0025cf01.gslb.pphosted.com. , 10
jacobs.com , mxa-0025cf01.gslb.pphosted.com. , 10
principal.com , mx4.principal.com. , 10
principal.com , mx2.principal.com. , 10
principal.com , mx3.principal.com. , 10
principal.com , mx5.principal.com. , 10
principal.com , mx1.principal.com. , 10
rossstores.com , rossstores.com. , 10
bedbathandbeyond.com , mail-router.e-dialog.com. , 50
csx.com , mail8.csx.com. , 0
csx.com , mail9.csx.com. , 0
toysrusinc.com , msg11psp.tru.com. , 10
toysrusinc.com , msg12psp.tru.com. , 10
toysrus.com , mxb-00218101.gslb.pphosted.com. , 5
toysrus.com , mxa-00218101.gslb.pphosted.com. , 5
sands.com , cluster5a.us.messagelabs.com. , 20
sands.com , cluster5.us.messagelabs.com. , 10
leucadia.com , mx0a-001c3e01.pphosted.com. , 10
leucadia.com , mx0b-001c3e01.pphosted.com. , 20
dom.com , ojrpm02.dom.com. , 10
dom.com , innm01.dom.com. , 10
dom.com , innm02.dom.com. , 10
dom.com , ojrpm01.dom.com. , 10
("I couldn't find", 'ussteel.com')
l-3com.com , smtp5in.l-3com.com. , 10
l-3com.com , smtp7in.l-3com.com. , 10
("I couldn't find", 'edisoninvestor.com')
entergy.com , symmail2.no.entergy.com. , 10
entergy.com , symmail3.roc.entergy.com. , 10
entergy.com , symmail1.no.entergy.com. , 10
entergy.com , symmail4.roc.entergy.com. , 10
adp.com , mail2.adp.com. , 10
adp.com , mail6.adp.com. , 10
adp.com , mail5.adp.com. , 10
adp.com , mail1.adp.com. , 10
firstdata.com , x3ppir013.firstdata.com. , 3
firstdata.com , x3ppir014.firstdata.com. , 3
firstdata.com , x1ppir016.firstdata.com. , 3
firstdata.com , x1ppir014.firstdata.com. , 3
firstdata.com , x3ppir012.firstdata.com. , 3
firstdata.com , x1ppir015.firstdata.com. , 3
blackrock.com , mxb-00162b01.gslb.pphosted.com. , 10
blackrock.com , mxa-00162b01.gslb.pphosted.com. , 10
westrock.com , westrock-com.mail.protection.outlook.com. , 10
voya.com , voya-com.mail.protection.outlook.com. , 10
sherwin.com , emhost54.sherwin.com. , 10
sherwin.com , emhost53.sherwin.com. , 10
sherwin.com , emhost52.sherwin.com. , 10
sherwin.com , emhost51.sherwin.com. , 10
sherwin.com , emhost56.sherwin.com. , 20
sherwin.com , emhost55.sherwin.com. , 10
("I couldn't find", 'hiltonworldwide.com')
hilton.com , mx2.hilton.iphmx.com. , 10
hilton.com , mx1.hilton.iphmx.com. , 10
rrdonnelley.com , alt4.aspmx.l.google.com. , 10
rrdonnelley.com , alt1.aspmx.l.google.com. , 5
rrdonnelley.com , alt2.aspmx.l.google.com. , 5
rrdonnelley.com , alt3.aspmx.l.google.com. , 10
rrdonnelley.com , aspmx.l.google.com. , 1
stanleyblackanddecker.com , mxa-00254701.gslb.pphosted.com. , 10
stanleyblackanddecker.com , mxb-00254701.gslb.pphosted.com. , 10
stanley.com , mxa-00254701.gslb.pphosted.com. , 10
stanley.com , mxb-00254701.gslb.pphosted.com. , 10
xcelenergy.com , esa.wip.xcelenergy.com. , 5
murphyusa.com , murphyusa-com.mail.protection.outlook.com. , 0
cbre.com , mxb-001bfb01.gslb.pphosted.com. , 10
cbre.com , mxa-001bfb01.gslb.pphosted.com. , 10
drhorton.com , prpt.drhorton.com. , 10
elcompanies.com , mxa-001a2001.gslb.pphosted.com. , 5
elcompanies.com , mxb-001a2001.gslb.pphosted.com. , 5
esteelauder.com , mxa-001a2001.gslb.pphosted.com. , 5
esteelauder.com , mxb-001a2001.gslb.pphosted.com. , 5
praxair.com , mx6.praxair.com. , 50
praxair.com , mx7.praxair.com. , 100
biogen.com , mxb-00209801.gslb.pphosted.com. , 30
biogen.com , mxa-00209801.gslb.pphosted.com. , 30
biogen.com , mx0a-00209801.pphosted.com. , 10
biogen.com , mx0b-00209801.pphosted.com. , 10
statestreet.com , cluster5.us.messagelabs.com. , 10
statestreet.com , cluster5a.us.messagelabs.com. , 20
unum.com , cluster9.us.messagelabs.com. , 10
unum.com , cluster9a.us.messagelabs.com. , 20
reynoldsamerican.com , cluster5a.us.messagelabs.com. , 20
reynoldsamerican.com , cluster5.us.messagelabs.com. , 10
group1auto.com , gpimx3.group1auto.com. , 10
group1auto.com , gpimx1.group1auto.com. , 10
group1auto.com , gpimx2.group1auto.com. , 10
henryschein.com , mxb-001d3a01.gslb.pphosted.com. , 10
henryschein.com , mxa-001d3a01.gslb.pphosted.com. , 10
hertz.com , mxb-00034201.gslb.pphosted.com. , 10
hertz.com , mxa-00034201.gslb.pphosted.com. , 10
nscorp.com , mail4.nscorp.com. , 20
nscorp.com , mail3.nscorp.com. , 20
nscorp.com , mail1.nscorp.com. , 10
nscorp.com , mail2.nscorp.com. , 10
rgare.com , mxa-00068801.gslb.pphosted.com. , 10
rgare.com , mxb-00068801.gslb.pphosted.com. , 10
pseg.com , smtp3.pseg.com. , 100
pseg.com , smtp4.pseg.com. , 10
pseg.com , smtp2.pseg.com. , 10
pseg.com , smtp1.pseg.com. , 10
bbt.com , mail1.bbandt.com. , 10
bbt.com , mail3.bbandt.com. , 30
dteenergy.com , cluster8a.us.messagelabs.com. , 20
dteenergy.com , cluster8.us.messagelabs.com. , 10
assurant.com , msp0lppp001.etdbw.com. , 10
assurant.com , atl0lppp003.etdbw.com. , 10
assurant.com , atl0lppp002.etdbw.com. , 10
assurant.com , msp0lppp002.etdbw.com. , 10
globalp.com , us-smtp-inbound-1.mimecast.com. , 15
globalp.com , us-smtp-inbound-2.mimecast.com. , 25
huntsman.com , mxa-000afc01.gslb.pphosted.com. , 10
huntsman.com , mx0b-000afc01.pphosted.com. , 10
huntsman.com , mx0a-000afc01.pphosted.com. , 10
huntsman.com , mxb-000afc01.gslb.pphosted.com. , 10
bd.com , mxb-0017d901.gslb.pphosted.com. , 5
bd.com , mxa-0017d901.gslb.pphosted.com. , 5
sempra.com , pps2.sempra.com. , 10
sempra.com , pps4.sempra.com. , 10
sempra.com , pps1.sempra.com. , 10
sempra.com , pps3.sempra.com. , 10
autozone.com , autozone-com.mail.protection.outlook.com. , 5
navistar.com , navistar-com.mail.protection.outlook.com. , 0
precast.com , precast.pcc-structurals.com. , 10
discoverfinancial.com , mxa-001d7a03.gslb.pphosted.com. , 10
discoverfinancial.com , mxb-001d7a03.gslb.pphosted.com. , 10
libertyinteractive.com , mailstore1.secureserver.net. , 10
libertyinteractive.com , smtp.secureserver.net. , 0
grainger.com , grainger-com.mail.protection.outlook.com. , 0
baxter.com , mail1.baxter.com. , 50
baxter.com , mailco.baxter.com. , 10
baxter.com , mail4.baxter.com. , 10
stryker.com , mail.messaging.microsoft.com. , 5
stryker.com , stryker-com.mail.protection.outlook.com. , 0
airproducts.com , airproducts-com.mail.protection.outlook.com. , 10
wnr.com , mxb-0018ff01.gslb.pphosted.com. , 10
wnr.com , wnr-com.mail.protection.outlook.com. , 100
wnr.com , mxa-0018ff01.gslb.pphosted.com. , 10
uhsinc.com , mic.uhsinc.com. , 10
uhsinc.com , smtp1.uhsinc.com. , 10
owens-minor.com , owensminor-com01c.mail.protection.outlook.com. , 10
charter.com , mail.chartercom.com. , 10
advanceautoparts.com , mxa-0013d101.gslb.pphosted.com. , 10
advanceautoparts.com , mxb-0013d101.gslb.pphosted.com. , 10
mastercard.com , mxa-00078002.gslb.pphosted.com. , 10
mastercard.com , mxb-00078002.gslb.pphosted.com. , 10
appliedmaterials.com , mx2.appliedmaterials.com. , 100
appliedmaterials.com , mx.appliedmaterials.com. , 20
eastman.com , eastman-com.mail.protection.outlook.com. , 10
sonicautomotive.com , us-smtp-inbound-1.mimecast.com. , 10
sonicautomotive.com , us-smtp-inbound-2.mimecast.com. , 10
ally.com , mx01.ally.com. , 10
ally.com , mx02.ally.com. , 30
cstbrands.com , cluster9.us.messagelabs.com. , 10
cstbrands.com , cluster9a.us.messagelabs.com. , 20
ebay.com , lore.ebay.com. , 10
ebay.com , gort.ebay.com. , 10
ebay.com , data.ebay.com. , 10
lennar.com , mxa-001afc01.gslb.pphosted.com. , 10
lennar.com , mxb-001afc01.gslb.pphosted.com. , 10
("I couldn't find", 'gamestopcorp.com')
rsac.com , mx2.rsac.iphmx.com. , 10
rsac.com , mx1.rsac.iphmx.com. , 10
("I couldn't find", 'hormelfoods.com')
celgene.com , mxb-00183501.gslb.pphosted.com. , 10
celgene.com , mxa-00183501.gslb.pphosted.com. , 10
genworth.com , us-smtp-inbound-1.mimecast.com. , 10
genworth.com , us-smtp-inbound-2.mimecast.com. , 10
paypal.com , mx2.paypalcorp.com. , 10
paypal.com , mx1.paypalcorp.com. , 10
pricelinegroup.com , ALT4.ASPMX.L.GOOGLE.com. , 10
pricelinegroup.com , ASPMX.L.GOOGLE.com. , 1
pricelinegroup.com , ALT1.ASPMX.L.GOOGLE.com. , 5
pricelinegroup.com , ALT3.ASPMX.L.GOOGLE.com. , 10
pricelinegroup.com , pricelinegroup-com.mail.protection.outlook.com. , 100
pricelinegroup.com , ALT2.ASPMX.L.GOOGLE.com. , 5
mgmresorts.com , inbound1.s7.mgmresorts.com. , 10
mgmresorts.com , inbound1.s4.mgmresorts.com. , 10
mgmresorts.com , inbound2.s4.mgmresorts.com. , 10
mgmresorts.com , inbound2.s7.mgmresorts.com. , 10
autoliv.com , mx1.autoliv.c3s2.iphmx.com. , 5
autoliv.com , mx2.autoliv.c3s2.iphmx.com. , 5
fnf.com , fnf-com.mail.protection.outlook.com. , 10
republicservices.com , mxb-0021b301.gslb.pphosted.com. , 10
republicservices.com , mxa-0021b301.gslb.pphosted.com. , 10
corning.com , cluster6a.us.messagelabs.com. , 20
corning.com , cluster6.us.messagelabs.com. , 10
kiewit.com , mx1.kiewit.iphmx.com. , 0
kiewit.com , mx2.kiewit.iphmx.com. , 1
univar.com , univar-com.mail.protection.outlook.com. , 10
mosaicco.com , mosaicco-com.mail.protection.outlook.com. , 10
core-mark.com , in-mig04.hes.trendmicro.com. , 5
thrivent.com , irnprt002.thrivent.com. , 10
thrivent.com , irnprt001.thrivent.com. , 10
c-a-m.com , cam-com0k.mail.protection.outlook.com. , 10
hdsupply.com , mxa-001cc001.gslb.pphosted.com. , 10
hdsupply.com , mxb-001cc001.gslb.pphosted.com. , 10
crowncork.com , mail2.crowncork.com. , 20
crowncork.com , mail.crowncork.com. , 10
eogresources.com , eogresources-com.mail.protection.outlook.com. , 0
veritivcorp.com , veritivcorp-com.mail.protection.outlook.com. , 0
anadarko.com , dnvipmsx002.anadarko.com. , 10
anadarko.com , houipmsx005.anadarko.com. , 10
anadarko.com , houipmsx004.anadarko.com. , 10
anadarko.com , dnvipmsx001.anadarko.com. , 10
labcorp.com , mx1.labcorp.iphmx.com. , 5
labcorp.com , mx2.labcorp.iphmx.com. , 5
pacificlife.com , mail1.pacificlife.com. , 10
pacificlife.com , mail3.pacificlife.com. , 10
pacificlife.com , mail2.pacificlife.com. , 10
pacificlife.com , mail4.pacificlife.com. , 40
newscorp.com , aspmx.l.google.com. , 1
newscorp.com , aspmx2.googlemail.com. , 10
newscorp.com , aspmx3.googlemail.com. , 10
newscorp.com , alt1.aspmx.l.google.com. , 5
newscorp.com , alt2.aspmx.l.google.com. , 5
jarden.com , jarden-com.mail.protection.outlook.com. , 0
suntrust.com , mx5.suntrust.com. , 5
("I couldn't find", 'avisbudgetgroup.com')
broadcom.com , alt2.aspmx.l.google.com. , 30
broadcom.com , alt4.aspmx.l.google.com. , 50
broadcom.com , alt3.aspmx.l.google.com. , 40
broadcom.com , alt1.aspmx.l.google.com. , 20
broadcom.com , aspmx.l.google.com. , 10
amfam.com , gmr.amfam.com. , 15
amfam.com , nmr.amfam.com. , 15
level3.com , cluster5.us.messagelabs.com. , 10
level3.com , cluster5a.us.messagelabs.com. , 20
tenneco.com , tenneco-com.mail.protection.outlook.com. , 0
unfi.com , unfi-com.mail.protection.outlook.com. , 0
deanfoods.com , deanfoods-com.mail.protection.outlook.com. , 0
campbellsoupcompany.com , campbellsoupcompany-com.mail.protection.outlook.com. , 0
("I couldn't find", 'campbells.com')
mohawkind.com , us-smtp-inbound-1.mimecast.com. , 10
mohawkind.com , us-smtp-inbound-2.mimecast.com. , 10
borgwarner.com , borgwarner-com.mail.protection.outlook.com. , 10
pvh.com , mx1.pvh.iphmx.com. , 5
pvh.com , mx2.pvh.iphmx.com. , 5
ball.com , mxa-0014fe01.gslb.pphosted.com. , 15
ball.com , mxb-0014fe01.gslb.pphosted.com. , 15
oreillyauto.com , oreillyauto.com.e0040.g0004.sg0089.im.emailsecurity.trendmicro.com. , 10
oreillyauto.com , oreillyauto.com.e0040.g0004.ng0089.im.emailsecurity.trendmicro.com. , 10
oreillyauto.com , oreillyauto.com.e0040.g0004.pg0089.im.emailsecurity.trendmicro.com. , 10
eversource.com , mxb-0018e401.gslb.pphosted.com. , 10
eversource.com , mx0b-0018e401.pphosted.com. , 20
eversource.com , mx0a-0018e401.pphosted.com. , 20
eversource.com , mxa-0018e401.gslb.pphosted.com. , 10
franklinresources.com , bh.markmonitor.com. , 0
masco.com , masco-com.mail.protection.outlook.com. , 10
lithia.com , mxb-0021da01.gslb.pphosted.com. , 10
lithia.com , mxa-0021da01.gslb.pphosted.com. , 10
kkr.com , ALT1.ASPMX.L.GOOGLE.com. , 5
kkr.com , ALT2.ASPMX.L.GOOGLE.com. , 5
kkr.com , ALT3.ASPMX.L.GOOGLE.com. , 10
kkr.com , ALT4.ASPMX.L.GOOGLE.com. , 10
kkr.com , ASPMX.L.GOOGLE.com. , 1
oneok.com , mxb-0014fc01.gslb.pphosted.com. , 10
oneok.com , mxa-0014fc01.gslb.pphosted.com. , 10
newmont.com , mx2.hc1864.iphmx.com. , 20
newmont.com , mx1.hc1864.iphmx.com. , 10
pplweb.com , mxa-0000ff01.gslb.pphosted.com. , 5
pplweb.com , mxb-0000ff01.gslb.pphosted.com. , 5
spartannash.com , mxa-00183101.gslb.pphosted.com. , 10
spartannash.com , mxb-00183101.gslb.pphosted.com. , 10
quantaservices.com , quantaservices-com.mail.protection.outlook.com. , 0
xpo.com , mx0a-002b6701.pphosted.com. , 10
xpo.com , mx0b-002b6701.pphosted.com. , 10
ralphlauren.com , ns1.ralphlauren.com. , 10
ralphlauren.com , ns20.ralphlauren.com. , 10
ralphlauren.com , ns10.ralphlauren.com. , 10
ralphlauren.com , ns2.ralphlauren.com. , 10
interpublic.com , mx1.ipg.iphmx.com. , 10
interpublic.com , mx2.ipg.iphmx.com. , 10
steeldynamics.com , us-smtp-inbound-2.mimecast.com. , 10
steeldynamics.com , us-smtp-inbound-1.mimecast.com. , 10
wesco.com , mxa-00168f01.gslb.pphosted.com. , 10
wesco.com , mxb-00168f01.gslb.pphosted.com. , 10
questdiagnostics.com , cluster4a.us.messagelabs.com. , 20
questdiagnostics.com , cluster4.us.messagelabs.com. , 10
bostonscientific.com , mx1.bsci.iphmx.com. , 10
bostonscientific.com , mx2.bsci.iphmx.com. , 10
agcocorp.com , cluster8.us.messagelabs.com. , 10
agcocorp.com , cluster8a.us.messagelabs.com. , 20
footlocker-inc.com , mxb-00014701.gslb.pphosted.com. , 10
footlocker-inc.com , mxa-00014701.gslb.pphosted.com. , 10
footlocker.com , mxb-00014701.gslb.pphosted.com. , 10
footlocker.com , mxa-00014701.gslb.pphosted.com. , 10
thehersheycompany.com , cluster1.us.messagelabs.com. , 10
thehersheycompany.com , cluster1a.us.messagelabs.com. , 20
hersheys.com , cluster1a.us.messagelabs.com. , 20
hersheys.com , cluster1.us.messagelabs.com. , 10
centerpointenergy.com , mlrly05.centerpointenergy.com. , 100
centerpointenergy.com , mlrly04.centerpointenergy.com. , 100
centerpointenergy.com , centerpointenergy-com.mail.protection.outlook.com. , 10
williams.com , mxa-00188a01.gslb.pphosted.com. , 10
williams.com , mxb-00188a01.gslb.pphosted.com. , 10
dickssportinggoods.com , mxb-00228b01.gslb.pphosted.com. , 10
dickssportinggoods.com , mxa-00228b01.gslb.pphosted.com. , 10
livenation.com , livenation-com.mail.protection.outlook.com. , 0
mutualofomaha.com , cust50103-2.in.mailcontrol.com. , 10
mutualofomaha.com , cust50103-1.in.mailcontrol.com. , 10
wrberkley.com , cluster5.us.messagelabs.com. , 10
wrberkley.com , cluster5a.us.messagelabs.com. , 20
lkqcorp.com , mxb-0019e001.gslb.pphosted.com. , 10
lkqcorp.com , mxa-0019e001.gslb.pphosted.com. , 10
("I couldn't find", 'avoncompany.com')
avon.com , mailmx.avon.com. , 500
avon.com , avonglobal.mail.protection.outlook.com. , 50
avon.com , avon-com.mail.protection.outlook.com. , 600
darden.com , mxa-0017e701.gslb.pphosted.com. , 10
darden.com , mxb-0017e701.gslb.pphosted.com. , 10
kindredhealthcare.com , mx1.kindred.iphmx.com. , 10
kindredhealthcare.com , mx2.kindred.iphmx.com. , 20
weyerhaeuser.com , weyerhaeuser-com.mail.protection.outlook.com. , 10
caseys.com , mx1.caseys.iphmx.com. , 10
caseys.com , mx2.caseys.iphmx.com. , 20
sealedair.com , ALT3.ASPMX.L.GOOGLE.com. , 10
sealedair.com , ASPMX.L.GOOGLE.com. , 1
sealedair.com , ALT1.ASPMX.L.GOOGLE.com. , 5
sealedair.com , ALT4.ASPMX.L.GOOGLE.com. , 10
sealedair.com , ALT2.ASPMX.L.GOOGLE.com. , 5
53.com , mailgw7.53.com. , 10
53.com , mailgw3.53.com. , 10
53.com , mailgw5.53.com. , 10
53.com , mailgw9.53.com. , 10
("I couldn't find", 'dovercorporation.com')
("I couldn't find", 'huntingtoningalls.com')
netflix.com , aspmx.l.google.com. , 1
netflix.com , aspmx2.googlemail.com. , 10
netflix.com , aspmx3.googlemail.com. , 10
netflix.com , alt1.aspmx.l.google.com. , 5
netflix.com , alt2.aspmx.l.google.com. , 5
dillards.com , mail.dillards.com. , 500
dillards.com , mxb-00085101.gslb.pphosted.com. , 45
dillards.com , domino2.dillards.com. , 702
dillards.com , mxa-00085101.gslb.pphosted.com. , 45
dillards.com , domino1.dillards.com. , 701
dillards.com , domino.dillards.com. , 700
emcorgroup.com , mxa-0015e101.gslb.pphosted.com. , 10
emcorgroup.com , mxb-0015e101.gslb.pphosted.com. , 10
edwardjones.com , napsmgs-1.edwardjones.com. , 20
edwardjones.com , napasmss-1.edwardjones.com. , 10
edwardjones.com , tapasmss-1.edwardjones.com. , 10
edwardjones.com , napsmgs-2.edwardjones.com. , 10
edwardjones.com , tapsmgs-2.edwardjones.com. , 10
edwardjones.com , tapsmgs-1.edwardjones.com. , 20
aksteel.com , cluster6a.us.messagelabs.com. , 20
aksteel.com , cluster6.us.messagelabs.com. , 10
ugicorp.com , mx0b-0024bf01.pphosted.com. , 10
ugicorp.com , mx0a-0024bf01.pphosted.com. , 10
ugi.com , mxa-0024bf01.gslb.pphosted.com. , 10
ugi.com , mxb-0024bf01.gslb.pphosted.com. , 10
("I couldn't find", 'expediainc.com')
expedia.com , mx1b.expedia.com. , 10
expedia.com , mailcorp.expedia.com. , 10
expedia.com , mx1a.expedia.com. , 10
salesforce.com , alt3.aspmx.l.google.com. , 10
salesforce.com , aspmx.l.google.com. , 1
salesforce.com , alt4.aspmx.l.google.com. , 10
salesforce.com , alt1.aspmx.l.google.com. , 5
salesforce.com , alt2.aspmx.l.google.com. , 5
targaresources.com , mail2.targaresources.com. , 200
targaresources.com , mail.targaresources.com. , 100
targaresources.com , in.hes.trendmicro.com. , 10
apachecorp.com , mxb-0002cc01.gslb.pphosted.com. , 10
apachecorp.com , mxa-0002cc01.gslb.pphosted.com. , 10
spiritaero.com , spiritaero-com.mail.protection.outlook.com. , 10
expeditors.com , expeditors-com.mail.protection.outlook.com. , 100
anixter.com , anixter-com.mail.protection.outlook.com. , 0
fisglobal.com , fisglobal-com.mail.protection.outlook.com. , 10
asburyauto.com , mxb-001e2601.gslb.pphosted.com. , 0
asburyauto.com , mxa-001e2601.gslb.pphosted.com. , 0
hess.com , cust49581-1.in.mailcontrol.com. , 20
hess.com , cust49581-2.in.mailcontrol.com. , 10
ryder.com , atlsmtp02.ryder.com. , 20
ryder.com , miavpsmtp02.ryder.com. , 20
ryder.com , atlsmtp01.ryder.com. , 10
ryder.com , miasmtp01.ryder.com. , 10
terex.com , cluster8a.us.messagelabs.com. , 8
terex.com , cluster8.us.messagelabs.com. , 5
cokecce.com , cokecce-com.mail.protection.outlook.com. , 10
("I couldn't find", 'auto-owners.com')
cablevision.com , cscpppsin03.cablevision.com. , 5
cablevision.com , cscpppsin01.cablevision.com. , 5
cablevision.com , cscpppsin02.cablevision.com. , 5
cablevision.com , cscpppsin04.cablevision.com. , 5
symantec.com , cluster4a.us.messagelabs.com. , 20
symantec.com , cluster4.us.messagelabs.com. , 10
symantec.com , mail226.messagelabs.com. , 10
aboutschwab.com , mx.zoho.com. , 10
aboutschwab.com , mx2.zoho.com. , 20
calpine.com , mx1.calpine.iphmx.com. , 10
cmsenergy.com , cmsenergy-com.mail.protection.outlook.com. , 2
alliancedata.com , cluster5.us.messagelabs.com. , 10
alliancedata.com , cluster5a.us.messagelabs.com. , 20
jetblue.com , cluster2a.us.messagelabs.com. , 20
jetblue.com , cluster2.us.messagelabs.com. , 10
discoverycommunications.com , mail.messaging.microsoft.com. , 10
trin.net , mxa-00096201.gslb.pphosted.com. , 10
trin.net , mxb-00096201.gslb.pphosted.com. , 10
sanmina.com , alt1.aspmx.l.google.com. , 5
sanmina.com , aspmx.l.google.com. , 1
sanmina.com , alt4.aspmx.l.google.com. , 10
sanmina.com , alt3.aspmx.l.google.com. , 10
sanmina.com , alt2.aspmx.l.google.com. , 5
ncr.com , mxa-00209e01.gslb.pphosted.com. , 10
ncr.com , mxb-00209e01.gslb.pphosted.com. , 10
fmctechnologies.com , mxa-00166701.gslb.pphosted.com. , 10
fmctechnologies.com , mxb-00166701.gslb.pphosted.com. , 10
erieinsurance.com , us-smtp-inbound-2.mimecast.com. , 20
erieinsurance.com , us-smtp-inbound-1.mimecast.com. , 10
rockwellautomation.com , cluster6a.us.messagelabs.com. , 20
rockwellautomation.com , cluster6.us.messagelabs.com. , 10
drpeppersnapplegroup.com , custmx.cscdns.net. , 10
snapple.com , mx2.emailsrvr.com. , 20
snapple.com , mx1.emailsrvr.com. , 10
drpepper.com , drpepper-com.mail.protection.outlook.com. , 20
drpepper.com , drpepper-com.mail.protection.outlook.com. , 10
iheartmedia.com , mxb-001b1801.gslb.pphosted.com. , 10
iheartmedia.com , mxa-001b1801.gslb.pphosted.com. , 10
tractorsupply.com , mxb-0022f601.gslb.pphosted.com. , 10
tractorsupply.com , mxa-0022f601.gslb.pphosted.com. , 10
jbhunt.com , jbhunt-com.mail.protection.outlook.com. , 0
cmc.com , cmc-com.mail.protection.outlook.com. , 0
o-i.com , owensillinois.mail.protection.outlook.com. , 10
harman.com , cluster5a.us.messagelabs.com. , 20
harman.com , cluster5.us.messagelabs.com. , 10
baxalta.com , mxb-00243e02.gslb.pphosted.com. , 10
baxalta.com , mxa-00243e02.gslb.pphosted.com. , 10
("I couldn't find", 'afginc.com')
netapp.com , mx143.netapp.com. , 10
netapp.com , mx144.netapp.com. , 10
netapp.com , mx63.netapp.com. , 30
netapp.com , mx61.netapp.com. , 30
netapp.com , mx62.netapp.com. , 30
netapp.com , mx65.netapp.com. , 30
netapp.com , mx141.netapp.com. , 10
netapp.com , mx142.netapp.com. , 10
graybar.com , ismx.graybar.com. , 10
graybar.com , kcmx.graybar.com. , 10
("I couldn't find", 'oshkoshcorporation.com')
ameren.com , ameren-com.mail.protection.outlook.com. , 20
amark.com , amark-com.mail.protection.outlook.com. , 0
barnesandnobleinc.com , welsh.bn.com. , 11
bn.com , mxa-00189e01.gslb.pphosted.com. , 10
bn.com , mxb-00189e01.gslb.pphosted.com. , 20
dana.com , cluster1.us.messagelabs.com. , 20
dana.com , cluster1a.us.messagelabs.com. , 30
cbrands.com , mxb-001e0e01.gslb.pphosted.com. , 100
cbrands.com , mxa-001e0e01.gslb.pphosted.com. , 100
lifepointhealth.net , lifepointhealth-net.mail.protection.outlook.com. , 0
zimmerbiomet.com , zimmer-com.mail.protection.outlook.com. , 10
harley-davidson.com , harleydavidson-com01e.mail.protection.outlook.com. , 20
harley-davidson.com , mx2.hc264-13.r1.ces.cisco.com. , 10
harley-davidson.com , mx1.hc264-13.r1.ces.cisco.com. , 10
pultegroupinc.com , pultegroup.com.s9b2.psmtp.com. , 40
pultegroupinc.com , pultegroup.com.s9b1.psmtp.com. , 30
pultegroupinc.com , pultegroup.com.s9a2.psmtp.com. , 20
pultegroupinc.com , pultegroup.com.s9a1.psmtp.com. , 10
pulte.com , mxb-001af501.gslb.pphosted.com. , 10
pulte.com , mxa-001af501.gslb.pphosted.com. , 10
newellbrands.com , custmx.cscdns.net. , 10
averydennison.com , aspmx3.googlemail.com. , 500
averydennison.com , aspmx2.googlemail.com. , 400
averydennison.com , alt2.aspmx.l.google.com. , 300
averydennison.com , alt1.aspmx.l.google.com. , 200
averydennison.com , aspmx.l.google.com. , 100
jll.com , smtp4.eu.jll.com. , 80
jll.com , smtp3.ap.jll.com. , 10
jll.com , smtp2.am.jll.com. , 10
jll.com , smtp1.am.jll.com. , 10
jll.com , smtp5.am.jll.com. , 10
jll.com , smtp6.am.jll.com. , 10
jll.com , smtp7.am.jll.com. , 10
jll.com , smtp9.am.jll.com. , 10
jll.com , smtp8.am.jll.com. , 10
jll.com , smtp12.ap.jll.com. , 10
jll.com , smtp11.ap.jll.com. , 10
jll.com , smtp10.eu.jll.com. , 10
jll.com , smtp13.eu.jll.com. , 10
wecenergygroup.com , wecenergygroup-com.mail.protection.outlook.com. , 10
marathonoil.com , pp2.marathonoil.com. , 10
marathonoil.com , pp1.marathonoil.com. , 10
("I couldn't find", 'ta-petrol.com')
unitedrentals.com , mta2.ur.com. , 25
unitedrentals.com , mta1.ur.com. , 20
hrggroup.com , d65976a.ess.barracudanetworks.com. , 10
hrggroup.com , d65976b.ess.barracudanetworks.com. , 20
oldrepublic.com , mx2.greatwestcasualty.iphmx.com. , 10
oldrepublic.com , mx1.greatwestcasualty.iphmx.com. , 10
windstream.com , vml905.windstream.com. , 20
windstream.com , neohtwnlx821.windstream.com. , 110
windstream.com , dell903.windstream.com. , 10
starwoodhotels.com , Starwoodhotels-com.mail.protection.outlook.com. , 0
delekus.com , us-smtp-inbound-1.mimecast.com. , 10
delekus.com , us-smtp-inbound-2.mimecast.com. , 10
packagingcorp.com , mxa-00212701.gslb.pphosted.com. , 10
packagingcorp.com , mxb-00212701.gslb.pphosted.com. , 10
quintiles.com , quintiles-com.mail.protection.outlook.com. , 0
hanes.com , mail1.hanesbi.net. , 10
hanes.com , hanes-com.mail.protection.outlook.com. , 100
realogy.com , mxa-00137901.gslb.pphosted.com. , 10
realogy.com , mxb-00137901.gslb.pphosted.com. , 10
mattel.com , mailc.mattel.com. , 30
mattel.com , maila.mattel.com. , 10
mattel.com , mailb.mattel.com. , 10
motorolasolutions.com , mxb-0019e102.gslb.pphosted.com. , 10
motorolasolutions.com , mxa-0019e102.gslb.pphosted.com. , 10
motorola.com , ALT4.ASPMX.L.GOOGLE.com. , 10
motorola.com , ASPMX.L.GOOGLE.com. , 1
motorola.com , ALT1.ASPMX.L.GOOGLE.com. , 5
motorola.com , ALT2.ASPMX.L.GOOGLE.com. , 5
motorola.com , ALT3.ASPMX.L.GOOGLE.com. , 10
jmsmucker.com , cluster6.us.messagelabs.com. , 10
jmsmucker.com , cluster6a.us.messagelabs.com. , 20
smuckers.com , mx1.emailsrvr.com. , 10
smuckers.com , mx2.emailsrvr.com. , 20
regions.com , ALT4.ASPMX.L.GOOGLE.com. , 30
regions.com , ALT3.ASPMX.L.GOOGLE.com. , 30
regions.com , ALT2.ASPMX.L.GOOGLE.com. , 20
regions.com , ALT1.ASPMX.L.GOOGLE.com. , 20
regions.com , ASPMX.L.GOOGLE.com. , 10
celanese.com , mxa-0016a101.gslb.pphosted.com. , 100
celanese.com , mxb-0016a101.gslb.pphosted.com. , 100
("I couldn't find", 'thecloroxcompany.com')
clorox.com , Clorox-com.mail.protection.outlook.com. , 10
ingredion.com , cluster5.us.messagelabs.com. , 10
ingredion.com , cluster5a.us.messagelabs.com. , 20
genesishcc.com , mx178.genesishcc.com. , 5
genesishcc.com , mx171.genesishcc.com. , 5
genesishcc.com , mx176.genesishcc.com. , 5
genesishcc.com , mx170.genesishcc.com. , 5
peabodyenergy.com , us-smtp-inbound-2.mimecast.com. , 5
peabodyenergy.com , us-smtp-inbound-1.mimecast.com. , 5
alaskaair.com , Alaskaair-com.mail.protection.outlook.com. , 10
seaboardcorp.com , mxa-00166602.gslb.pphosted.com. , 10
seaboardcorp.com , mxb-00166602.gslb.pphosted.com. , 10
frontier.com , mx.frontiernet.net. , 10
frontier.com , mx.dlls.pa.frontiernet.net. , 10
frontier.com , mta7.am0.yahoodns.net. , 1
frontier.com , mta5.am0.yahoodns.net. , 1
frontier.com , mta6.am0.yahoodns.net. , 1
amphenol.com , amphenol-com.mail.protection.outlook.com. , 0
lansingtradegroup.com , us-smtp-inbound-1.mimecast.com. , 10
lansingtradegroup.com , us-smtp-inbound-2.mimecast.com. , 10
sandisk.com , mx1.hgst.iphmx.com. , 1
sandisk.com , mx2.hgst.iphmx.com. , 1
sjm.com , mx0a-00140101.pphosted.com. , 300
sjm.com , mxb-00140101.gslb.pphosted.com. , 200
sjm.com , mxa-00140101.gslb.pphosted.com. , 100
sjm.com , mx0b-00140101.pphosted.com. , 400
wyndhamworldwide.com , mxb-00128602.gslb.pphosted.com. , 10
wyndhamworldwide.com , mxa-00128602.gslb.pphosted.com. , 10
kellyservices.com , kellyservices-com.mail.protection.outlook.com. , 10
westernunion.com , mxb-00002a01.gslb.pphosted.com. , 10
westernunion.com , mxa-00002a01.gslb.pphosted.com. , 10
evhc.net , evhc-net.mail.protection.outlook.com. , 10
visteon.com , mail10.visteon.com. , 40
visteon.com , visteon-com.mail.eo.outlook.com. , 5
ajg.com , cluster4a.us.messagelabs.com. , 20
ajg.com , cluster4.us.messagelabs.com. , 10
hosthotels.com , hosthotels-com.mail.protection.outlook.com. , 10
ashland.com , us-smtp-inbound-1.mimecast.com. , 10
ashland.com , us-smtp-inbound-2.mimecast.com. , 10
insight.com , cluster8.us.messagelabs.com. , 10
insight.com , cluster8a.us.messagelabs.com. , 20
energyfutureholdings.com , energyfutureholdings-com.mail.protection.outlook.com. , 10
markelcorp.com , cust41543-1.in.mailcontrol.com. , 50
markelcorp.com , cust41543-2.in.mailcontrol.com. , 50
essendant.com , mx2.essendant.com. , 10
essendant.com , mx1.essendant.com. , 10
ch2m.com , mx2.ch2m.iphmx.com. , 10
ch2m.com , mx1.ch2m.iphmx.com. , 10
westernsouthern.com , mx1.wsfgrp.com. , 10
westernsouthern.com , mx2.wsfgrp.com. , 20
owenscorning.com , owenscorning-com.mail.protection.outlook.com. , 0
spglobal.com , nj12corpmr01.spglobal.com. , 10
spglobal.com , corp148mr3.spglobal.com. , 10
spglobal.com , corp148mr4.spglobal.com. , 10
spglobal.com , nj12corpmr02.spglobal.com. , 10
spglobal.com , corp148mr6.spglobal.com. , 10
raymondjames.com , smtp2.rjf.com. , 20
raymondjames.com , smtp1.rjf.com. , 10
nisource.com , mxa-00206302.gslb.pphosted.com. , 10
nisource.com , mxb-00206302.gslb.pphosted.com. , 10
airgas.com , cluster1a.us.messagelabs.com. , 20
airgas.com , cluster1.us.messagelabs.com. , 10
abm.com , mxa-00030f01.gslb.pphosted.com. , 10
abm.com , mxb-00030f01.gslb.pphosted.com. , 10
citizensbank.com , citizensbank-com.mail.protection.outlook.com. , 10
("I couldn't find", 'boozallen.com')
simon.com , cluster9.us.messagelabs.com. , 10
simon.com , cluster9a.us.messagelabs.com. , 20
domtar.com , mxb-001d9701.gslb.pphosted.com. , 10
domtar.com , mxa-001d9701.gslb.pphosted.com. , 10
rockwellcollins.com , mail04.rockwellcollins.com. , 10
rockwellcollins.com , mail01.rockwellcollins.com. , 10
rockwellcollins.com , mail06.rockwellcollins.com. , 10
rockwellcollins.com , mail07.rockwellcollins.com. , 10
rockwellcollins.com , mail05.rockwellcollins.com. , 10
rockwellcollins.com , mail02.rockwellcollins.com. , 10
lamresearch.com , mxa-00054001.gslb.pphosted.com. , 10
lamresearch.com , mxb-00054001.gslb.pphosted.com. , 10
fiserv.com , mail1.fiserv.com. , 10
fiserv.com , mail2.fiserv.com. , 10
fiserv.com , mail3.fiserv.com. , 10
fiserv.com , mail4.fiserv.com. , 10
spectraenergy.com , mx1.spectraenergy.iphmx.com. , 10
spectraenergy.com , mx2.spectraenergy.iphmx.com. , 10
navient.com , cluster1a.us.messagelabs.com. , 20
navient.com , cluster1.us.messagelabs.com. , 10
biglots.com , mx0a-00283501.pphosted.com. , 10
biglots.com , mx0b-00283501.pphosted.com. , 10
tdsinc.com , extsmtp02.tdsinc.com. , 20
tdsinc.com , extsmtp01.tdsinc.com. , 10
tdsinc.com , chain.teldta.com. , 30
firstam.com , MX1.firstam.iphmx.com. , 10
firstam.com , MX2.firstam.iphmx.com. , 10
nvrinc.com , mail2.nvrinc.com. , 20
nvrinc.com , mail.nvrinc.com. , 10
cinfin.com , mx0a-0015a401.pphosted.com. , 10
cinfin.com , mx0b-0015a401.pphosted.com. , 10
burlingtonstores.com , mailhost3.coat.com. , 50
burlingtonstores.com , mailhost4.coat.com. , 50
